SYMBOL,COUNT
20MICRONS,1
21STCENMGM,1
3IINFOTECH,1
3MINDIA,1
5PAISA,1
63MOONS,1
8KMILES,1
A2ZINFRA,1
AARTIDRUGS,1
AARTIIND,1
AARVEEDEN,1
AAVAS,1
ABAN,2
ABB,2
ABBOTINDIA,1
ABCAPITAL,1
ABFRL,1
ABSLNN50ET,1
ACC,2
ACCELYA,1
ACE,2
ADANIENT,1
ADANIGAS,1
ADANIGREEN,1
ADANIPORTS,1
ADANIPOWER,1
ADANITRANS,1
ADFFOODS,1
ADHUNIK,2
ADHUNIKIND,1
ADLABS,2
ADORWELD,1
ADROITINFO,1
ADSL,1
ADVANIHOTR,1
ADVENZYMES,1
AEGISCHEM,1
AGARIND,1
AGCNET,1
AGLSL,1
AGRITECH,2
AHLEAST,1
AHLUCONT,1
AHLWEST,1
AIAENG,1
AIONJSW,1
AIRAN,1
AJANTPHARM,1
AJMERA,1
AKSHARCHEM,1
AKSHOPTFBR,1
AKZOINDIA,1
ALANKIT,1
ALBERTDAVD,1
ALBK,2
ALEMBICLTD,1
ALICON,1
ALKALI,2
ALKEM,1
ALKYLAMINE,1
ALLCARGO,1
ALLSEC,1
ALMONDZ,1
ALOKTEXT,1
ALPA,2
ALPHAGEO,1
AMARAJABAT,1
AMBER,1
AMBIKCO,1
AMBUJACEM,1
AMDIND,1
AMJLAND,1
AMRUTANJAN,1
ANANTRAJ,1
ANDHRABANK,1
ANDHRACEMT,1
ANDHRSUGAR,1
ANIKINDS,1
ANSALAPI,1
ANSALHSG,1
ANUP,1
APARINDS,1
APCL,1
APCOTEXIND,1
APEX,2
APLAPOLLO,1
APLLTD,1
APOLLO,2
APOLLOHOSP,1
APOLLOTYRE,1
APOLSINHOT,1
APTECHT,1
ARCHIDPLY,1
ARCHIES,2
ARCOTECH,1
ARIES,1
ARIHANT,2
ARIHANTSUP,1
ARMANFIN,1
AROGRANITE,1
ARROWTEX,1
ARSHIYA,1
ARSSINFRA,1
ARVIND,2
ARVINDFASN,1
ARVSMART,1
ASAHIINDIA,1
ASAHISONG,1
ASAL,2
ASHAPURMIN,1
ASHIANA,1
ASHIMASYN,1
ASHOKA,2
ASHOKLEY,1
ASIANHOTNR,1
ASIANPAINT,1
ASIANTILES,1
ASPINWALL,1
ASTEC,2
ASTERDM,1
ASTRAL,1
ASTRAMICRO,1
ASTRAZEN,1
ASTRON,1
ATFL,1
ATLANTA,1
ATUL,2
ATULAUTO,1
AUBANK,1
AURIONPRO,1
AUROPHARMA,1
AUSOMENT,1
AUTOAXLES,1
AUTOIND,1
AUTOLITIND,1
AVADHSUGAR,1
AVANTIFEED,1
AVTNPL,1
AXISBANK,1
AXISCADES,1
AXISGOLD,1
AXISNIFTY,1
AYMSYNTEX,1
BAGFILMS,1
BAJAJ-AUTO,1
BAJAJCON,1
BAJAJELEC,1
BAJAJFINSV,1
BAJAJHIND,1
BAJAJHLDNG,1
BAJFINANCE,1
BALAJITELE,1
BALAMINES,1
BALKRISHNA,2
BALKRISIND,1
BALLARPUR,2
BALMLAWRIE,1
BALPHARMA,1
BALRAMCHIN,1
BANARBEADS,1
BANARISUG,1
BANCOINDIA,1
BANDHANBNK,1
BANG,1
BANKBARODA,1
BANKBEES,1
BANKINDIA,1
BANSWRAS,1
BARTRONICS,1
BASF,1
BASML,1
BATAINDIA,1
BAYERCROP,1
BBL,1
BBTC,2
BCG,2
BDL,1
BEARDSELL,1
BEDMUTHA,1
BEL,2
BEML,1
BEPL,1
BERGEPAINT,1
BFINVEST,1
BFUTILITIE,1
BGRENERGY,1
BHAGERIA,2
BHAGYANGR,1
BHAGYAPROP,1
BHANDARI,1
BHARATFORG,1
BHARATGEAR,1
BHARATRAS,1
BHARATWIRE,1
BHARTIARTL,1
BHEL,1
BIGBLOC,1
BILENERGY,1
BINDALAGRO,1
BIOCON,1
BIRLACABLE,1
BIRLACORPN,1
BIRLAMONEY,1
BKMINDST,1
BLISSGVS,1
BLKASHYAP,1
BLS,1
BLUEDART,1
BLUESTARCO,1
BODALCHEM,1
BOMDYEING,1
BOROSIL,2
BOSCHLTD,1
BPCL,1
BPL,2
BRFL,1
BRIGADE,1
BRITANNIA,1
BRNL,1
BROOKS,1
BSE,2
BSELINFRA,1
BSL,2
BSLGOLDETF,1
BSLNIFTY,1
BSOFT,1
BUTTERFLY,1
BYKE,2
CADILAHC,1
CALSOFT,1
CAMLINFINE,1
CANBK,1
CANFINHOME,1
CANTABIL,1
CAPACITE,1
CAPLIPOINT,1
CAPTRUST,1
CARBORUNIV,1
CAREERP,1
CARERATING,1
CASTROLIND,1
CCL,2
CDSL,2
CEATLTD,1
CEBBCO,1
CELEBRITY,1
CELESTIAL,1
CENTENKA,1
CENTEXT,2
CENTRALBK,1
CENTRUM,1
CENTUM,2
CENTURYPLY,1
CENTURYTEX,1
CERA,2
CEREBRAINT,1
CESC,2
CESCVENT,1
CGCL,1
CGPOWER,1
CHALET,1
CHAMBLFERT,1
CHEMFAB,2
CHENNPETRO,1
CHOLAFIN,1
CHOLAHLDNG,1
CIGNITITEC,1
CIMMCO,2
CINELINE,1
CINEVISTA,1
CIPLA,1
CKFSL,1
CLEDUCATE,1
CLNINDIA,1
CMICABLES,1
CNOVAPETRO,1
COALINDIA,1
COCHINSHIP,1
COFFEEDAY,1
COLPAL,1
COMPINFO,1
COMPUSOFT,1
CONCOR,1
CONFIPET,1
CONSOFINVT,1
CONTROLPR,1
CORALFINAC,1
CORDSCABLE,1
COROMANDEL,2
CORPBANK,1
COSMOFILMS,1
COX&KINGS,2
CPSEETF,1
CREDITACC,1
CREST,2
CRISIL,1
CROMPTON,2
CTE,2
CUB,2
CUBEXTUB,1
CUMMINSIND,1
CUPID,1
CYBERTECH,1
CYIENT,1
DAAWAT,1
DABUR,2
DALBHARAT,1
DALMIASUG,1
DAMODARIND,1
DATAMATICS,1
DBCORP,1
DBL,2
DBREALTY,1
DCAL,1
DCBBANK,1
DCM,2
DCMNVL,1
DCMSHRIRAM,1
DCW,1
DECCANCE,1
DEEPAKFERT,1
DEEPAKNTR,1
DEEPIND,1
DELTACORP,1
DELTAMAGNT,1
DEN,2
DENORA,1
DFMFOODS,1
DGCONTENT,1
DHAMPURSUG,1
DHANBANK,1
DHANUKA,2
DHARSUGAR,1
DHFL,2
DHUNINV,1
DIAMONDYD,1
DICIND,1
DIGJAMLTD,1
DISHTV,1
DIVISLAB,1
DIXON,1
DLF,2
DLINKINDIA,1
DMART,1
DOLLAR,1
DOLPHINOFF,1
DONEAR,1
DPSCLTD,1
DQE,1
DREDGECORP,1
DRREDDY,1
DSSL,1
DTIL,2
DUCON,1
DVL,1
DWARKESH,1
DYNAMATECH,1
DYNPRO,1
EASUNREYRL,1
ECLERX,1
EDELWEISS,2
EICHERMOT,1
EIDPARRY,1
EIHAHOTELS,1
EIHOTEL,1
EIMCOELECO,1
EKC,2
ELAND,1
ELECON,2
ELECTCAST,1
ELECTHERM,1
ELGIEQUIP,1
ELGIRUBCO,1
EMAMILTD,1
EMAMIPAP,1
EMAMIREAL,1
EMKAY,2
EMMBI,1
ENDURANCE,1
ENERGYDEV,1
ENGINERSIN,1
ENIL,1
EON,2
EQ30,1
EQUITAS,1
ERIS,1
EROSMEDIA,1
ESABINDIA,1
ESCORTS,2
ESSARSHPNG,1
ESSELPACK,1
ESTER,2
EUROTEXIND,1
EVEREADY,2
EVERESTIND,1
EXCELCROP,1
EXCELINDUS,1
EXIDEIND,1
EXPLEOSOL,1
FACT,2
FAIRCHEM,1
FCL,2
FCONSUMER,1
FCSSOFT,1
FDC,2
FEDERALBNK,1
FEL,2
FELDVR,1
FIEMIND,1
FILATEX,2
FINCABLES,1
FINEORG,1
FINPIPE,1
FLEXITUFF,1
FLFL,1
FMGOETZE,1
FMNL,1
FORTIS,2
FOSECOIND,1
FRETAIL,1
FSC,2
FSL,2
GABRIEL,1
GAEL,1
GAIL,1
GAL,2
GALAXYSURF,1
GALLANTT,2
GALLISPAT,1
GAMMNINFRA,1
GANDHITUBE,1
GANECOS,1
GANESHHOUC,1
GANGESSECU,1
GARDENSILK,1
GARFIBRES,1
GATI,2
GAYAHWS,1
GAYAPROJ,1
GDL,1
GEECEE,1
GENESYS,1
GENUSPAPER,1
GENUSPOWER,1
GEOJITFSL,1
GEPIL,1
GESHIP,2
GET&D,2
GFLLIMITED,1
GHCL,1
GICHSGFIN,1
GICRE,1
GILLANDERS,1
GILLETTE,1
GINNIFILA,1
GIPCL,1
GKWLIMITED,1
GLAXO,2
GLENMARK,2
GLOBALVECT,1
GLOBOFFS,1
GLOBUSSPR,1
GMBREW,1
GMDCLTD,1
GMMPFAUDLR,1
GMRINFRA,1
GNA,2
GNFC,1
GOACARBON,1
GOCLCORP,1
GODFRYPHLP,1
GODREJAGRO,1
GODREJCP,1
GODREJIND,2
GODREJPROP,1
GOKEX,1
GOLDBEES,1
GOLDENTOBC,1
GOLDIAM,1
GOLDSHARE,1
GOLDTECH,2
GOODLUCK,1
GPIL,1
GPPL,1
GPTINFRA,1
GRANULES,1
GRAPHITE,2
GRASIM,1
GRAVITA,1
GREAVESCOT,1
GREENLAM,1
GREENPLY,1
GREENPOWER,1
GRINDWELL,2
GROBTEA,1
GRPLTD,1
GRSE,1
GRUH,1
GSCLCEMENT,1
GSFC,1
GSKCONS,1
GSPL,1
GSS,1
GTL,2
GTLINFRA,1
GTNIND,1
GTNTEX,2
GTPL,1
GUFICBIO,1
GUJALKALI,1
GUJAPOLLO,1
GUJGASLTD,1
GULFOILLUB,1
GULFPETRO,1
GULPOLY,1
GVKPIL,1
HAL,2
HARITASEAT,1
HARRMALAYA,1
HATHWAY,2
HATSUN,1
HAVELLS,1
HBLPOWER,1
HCC,1
HCG,2
HCL-INSYS,1
HCLTECH,1
HDFC,2
HDFCAMC,1
HDFCBANK,1
HDFCLIFE,1
HDFCMFGETF,1
HDFCNIFETF,1
HDFCSENETF,1
HDIL,1
HEG,1
HEIDELBERG,1
HERCULES,1
HERITGFOOD,1
HEROMOTOCO,1
HESTERBIO,1
HEXAWARE,1
HFCL,1
HGINFRA,1
HGS,1
HIGHGROUND,1
HIKAL,2
HIL,2
HILTON,1
HIMATSEIDE,1
HINDALCO,1
HINDCOMPOS,1
HINDCOPPER,1
HINDMOTORS,1
HINDNATGLS,1
HINDOILEXP,1
HINDPETRO,1
HINDUJAVEN,1
HINDUNILVR,1
HINDZINC,1
HIRECT,1
HISARMETAL,1
HITECH,2
HITECHCORP,1
HITECHGEAR,1
HMVL,1
HONAUT,1
HONDAPOWER,1
HOTELEELA,1
HOVS,1
HPL,2
HSCL,1
HSIL,2
HTMEDIA,1
HUBTOWN,1
HUDCO,1
IBMFNIFTY,1
IBREALEST,1
IBULHSGFIN,1
IBULISL,1
IBVENTURES,1
ICICI500,1
ICICIB22,1
ICICIBANK,2
ICICIBANKN,1
ICICIGI,1
ICICIGOLD,1
ICICILIQ,1
ICICILOVOL,1
ICICIMCAP,1
ICICINF100,1
ICICINIFTY,1
ICICINV20,1
ICICINXT50,1
ICICIPRULI,1
ICICISENSX,1
ICIL,2
ICRA,1
IDBI,2
IDBIGOLD,1
IDEA,2
IDFC,2
IDFCFIRSTB,1
IDFNIFTYET,1
IEX,2
IFBAGRO,1
IFBIND,1
IFCI,1
IFGLEXPOR,1
IGARASHI,1
IGL,2
IGPL,1
IIFL,2
IITL,2
IMFA,2
IMPAL,1
INDBANK,2
INDHOTEL,1
INDIACEM,1
INDIAGLYCO,1
INDIAMART,1
INDIANB,1
INDIANCARD,1
INDIANHUME,1
INDIGO,1
INDLMETER,1
INDNIPPON,1
INDOCO,2
INDORAMA,1
INDOSTAR,1
INDOTECH,1
INDOTHAI,1
INDOWIND,1
INDRAMEDCO,1
INDSWFTLAB,1
INDSWFTLTD,1
INDTERRAIN,1
INDUSINDBK,1
INEOSSTYRO,1
INFIBEAM,1
INFOBEAN,2
INFRABEES,1
INFRATEL,1
INFY,1
INGERRAND,1
INOXLEISUR,1
INOXWIND,1
INSECTICID,1
INSPIRISYS,1
INTELLECT,1
INTENTECH,1
INVENTURE,1
IOB,2
IOC,2
IOLCP,1
IPAPPM,1
IPCALAB,1
IRB,2
IRCON,2
ISEC,2
ISFT,2
ISMTLTD,1
ITC,2
ITDC,2
ITDCEM,1
ITI,2
IVC,2
IVP,2
IVZINGOLD,1
IVZINNIFTY,1
IZMO,1
J&KBANK,2
JAGRAN,1
JAGSNPHARM,1
JAIBALAJI,1
JAICORPLTD,1
JAMNAAUTO,1
JAYAGROGN,1
JAYBARMARU,1
JAYSREETEA,1
JBCHEPHARM,1
JBFIND,1
JBMA,1
JCHAC,1
JHS,1
JINDALPOLY,1
JINDALSAW,1
JINDALSTEL,1
JINDCOT,1
JINDRILL,1
JINDWORLD,1
JISLDVREQS,1
JISLJALEQS,1
JKCEMENT,1
JKIL,1
JKLAKSHMI,1
JKPAPER,1
JKTYRE,1
JMA,2
JMCPROJECT,1
JMFINANCIL,1
JOCIL,1
JPASSOCIAT,1
JPINFRATEC,1
JPOLYINVST,1
JPPOWER,1
JSL,2
JSLHISAR,1
JSWENERGY,1
JSWHL,1
JSWSTEEL,1
JTEKTINDIA,1
JUBILANT,2
JUBLFOOD,1
JUBLINDS,1
JUNIORBEES,1
JUSTDIAL,1
JYOTHYLAB,1
KABRAEXTRU,1
KAJARIACER,1
KAKATCEM,1
KALPATPOWR,1
KAMATHOTEL,1
KAMDHENU,1
KANANIIND,1
KANORICHEM,1
KANSAINER,1
KARDA,1
KARMAENG,1
KARURVYSYA,1
KAVVERITEL,1
KAYA,2
KCP,2
KCPSUGIND,1
KDDL,1
KEC,2
KECL,1
KEI,2
KELLTONTEC,1
KESORAMIND,1
KEYFINSERV,1
KHADIM,1
KHAITANLTD,1
KICL,1
KILITCH,1
KINGFA,1
KIOCL,1
KIRIINDUS,1
KIRLOSBROS,1
KIRLOSENG,1
KIRLOSIND,1
KITEX,1
KKCL,1
KMSUGAR,1
KNRCON,1
KOHINOOR,1
KOKUYOCMLN,1
KOLTEPATIL,1
KOPRAN,2
KOTAKBANK,1
KOTAKBKETF,1
KOTAKGOLD,1
KOTAKNIFTY,1
KOTAKNV20,1
KOTAKPSUBK,1
KOTARISUG,1
KOTHARIPET,1
KOTHARIPRO,1
KPITTECH,1
KPRMILL,1
KRBL,1
KREBSBIO,1
KSB,1
KSCL,1
KSERASERA,1
KSK,1
KSL,1
KTIL,1
KTKBANK,1
KWALITY,1
L&TFH,2
LAKSHVILAS,1
LALPATHLAB,1
LAMBODHARA,1
LAOPALA,1
LASA,2
LAURUSLABS,1
LAXMIMACH,1
LEMONTREE,1
LFIC,1
LGBBROSLTD,1
LIBAS,1
LIBERTSHOE,1
LICHSGFIN,1
LICNETFGSC,1
LICNETFN50,1
LICNFNHGP,1
LINCOLN,1
LINCPEN,1
LINDEINDIA,1
LIQUIDBEES,1
LIQUIDETF,1
LOKESHMACH,1
LOTUSEYE,1
LOVABLE,1
LPDC,1
LSIL,1
LT,2
LTI,2
LTTS,1
LUMAXIND,1
LUMAXTECH,1
LUPIN,2
LUXIND,1
LYKALABS,1
LYPSAGEMS,1
M&M,2
M&MFIN,2
M100,1
M50,1
MAANALU,1
MADHAV,2
MADHUCON,1
MADRASFERT,1
MAGADSUGAR,1
MAGMA,1
MAHABANK,1
MAHESHWARI,1
MAHINDCIE,1
MAHLIFE,1
MAHLOG,1
MAHSCOOTER,1
MAHSEAMLES,1
MAITHANALL,1
MAJESCO,1
MALUPAPER,1
MAN50ETF,1
MANAKALUCO,1
MANAKCOAT,1
MANAKSIA,2
MANAKSTEEL,1
MANALIPETC,1
MANAPPURAM,1
MANGALAM,2
MANGCHEFER,1
MANGLMCEM,1
MANINDS,1
MANINFRA,1
MANPASAND,1
MANUGRAPH,2
MARALOVER,1
MARATHON,1
MARICO,2
MARKSANS,1
MARUTI,2
MASFIN,1
MASTEK,1
MATRIMONY,1
MAWANASUG,1
MAXINDIA,1
MAXVIL,1
MAYURUNIQ,1
MAZDA,2
MBLINFRA,1
MCDHOLDING,1
MCDOWELL-N,1
MCLEODRUSS,1
MCX,2
MEGH,2
MENONBE,1
MEP,2
METROPOLIS,1
MFSL,2
MGL,1
MHRIL,1
MIDHANI,1
MINDACORP,1
MINDAIND,1
MINDTECK,1
MINDTREE,1
MIRCELECTR,1
MIRZAINT,1
MMFL,1
MMTC,1
MOHITIND,1
MOHOTAIND,1
MOIL,1
MOLDTECH,1
MOLDTKPAC,1
MONSANTO,1
MONTECARLO,1
MORARJEE,2
MOREPENLAB,1
MOTHERSUMI,1
MOTILALOFS,1
MPHASIS,1
MPSLTD,1
MRF,2
MRPL,1
MSPL,1
MSTCLTD,1
MTEDUCARE,1
MTNL,1
MUKANDENGG,1
MUKANDLTD,1
MUKTAARTS,1
MUNJALAU,2
MUNJALSHOW,1
MURUDCERA,1
MUTHOOTCAP,1
MUTHOOTFIN,1
MVL,2
N100,1
NACLIND,1
NAGAFERT,1
NAGAROIL,1
NAGREEKCAP,1
NAGREEKEXP,1
NAHARCAP,1
NAHARINDUS,1
NAHARPOLY,1
NAHARSPING,1
NATCOPHARM,1
NATHBIOGEN,1
NATIONALUM,1
NAUKRI,1
NAVINFLUOR,1
NAVKARCORP,1
NAVNETEDUL,1
NBCC,1
NBIFIN,1
NBVENTURES,1
NCC,1
NCLIND,1
NDGL,1
NDL,2
NDTV,1
NECCLTD,1
NECLIFE,1
NELCAST,1
NELCO,1
NEOGEN,1
NESCO,1
NESTLEIND,1
NETF,2
NETWORK18,1
NEULANDLAB,1
NEWGEN,1
NEXTMEDIA,1
NFL,2
NH,2
NHPC,1
NIACL,1
NIBL,1
NIFTYBEES,1
NIITLTD,1
NIITTECH,1
NILAINFRA,1
NILASPACES,1
NILKAMAL,1
NIPPOBATRY,1
NITCO,1
NITESHEST,1
NITINFIRE,1
NITINSPIN,1
NLCINDIA,1
NMDC,1
NOCIL,1
NOIDATOLL,1
NRAIL,2
NRBBEARING,1
NSIL,2
NTPC,1
NUCLEUS,1
OAL,2
OBEROIRLTY,1
OCCL,1
OFSS,1
OIL,2
OILCOUNTUB,1
OLECTRA,1
OMAXAUTO,1
OMAXE,1
OMKARCHEM,1
OMMETALS,1
ONEPOINT,1
ONGC,1
ONMOBILE,1
ONWARDTEC,1
OPTIEMUS,1
OPTOCIRCUI,1
ORBTEXP,1
ORICONENT,1
ORIENTABRA,1
ORIENTALTL,1
ORIENTBANK,1
ORIENTBELL,1
ORIENTCEM,1
ORIENTELEC,1
ORIENTHOT,1
ORIENTLTD,1
ORIENTPPR,1
ORIENTREF,1
ORISSAMINE,1
ORTEL,1
OSWALAGRO,1
PAGEIND,1
PAISALO,1
PALASHSECU,1
PALREDTEC,2
PANACEABIO,1
PANAMAPET,1
PAPERPROD,1
PARACABLES,1
PARAGMILK,1
PATELENG,1
PATINTLOG,1
PATSPINLTD,1
PCJEWELLER,1
PDMJEPAPER,1
PDSMFL,1
PEL,2
PENIND,2
PENINLAND,1
PERSISTENT,1
PETRONET,2
PFC,1
PFIZER,1
PFOCUS,1
PFS,1
PGEL,1
PGHH,1
PGHL,1
PGIL,1
PHILIPCARB,1
PHOENIXLTD,1
PIDILITIND,1
PIIND,1
PILANIINVS,1
PILITA,1
PIONDIST,1
PIONEEREMB,1
PITTIENG,1
PLASTIBLEN,1
PNB,2
PNBGILTS,1
PNBHOUSING,1
PNC,2
PNCINFRA,1
PODDARHOUS,1
PODDARMENT,1
POKARNA,1
POLYCAB,1
POLYMED,1
POLYPLEX,1
PONNIERODE,1
POWERGRID,1
POWERMECH,1
PPAP,2
PRABHAT,1
PRAENG,1
PRAJIND,1
PRAKASH,2
PRAXIS,1
PRECAM,1
PRECOT,2
PRECWIRE,1
PREMEXPLN,1
PREMIERPOL,1
PRESSMN,1
PRESTIGE,2
PRICOLLTD,1
PRIMESECU,1
PRSMJOHNSN,1
PSB,2
PSL,2
PSPPROJECT,1
PSUBNKBEES,1
PTC,2
PTL,2
PUNJABCHEM,1
PUNJLLOYD,1
PURVA,1
PVR,2
QGOLDHALF,1
QNIFTY,1
QUESS,1
QUICKHEAL,1
RADAAN,1
RADICO,2
RADIOCITY,1
RAIN,2
RAJESHEXPO,1
RALLIS,1
RAMANEWS,2
RAMASTEEL,1
RAMCOCEM,1
RAMCOIND,1
RAMCOSYS,1
RAMKY,1
RANASUG,1
RANEENGINE,1
RANEHOLDIN,1
RATNAMANI,1
RAYMOND,2
RBL,2
RBLBANK,1
RCF,1
RCOM,2
RECLTD,1
REDINGTON,1
RELAXO,2
RELCAPITAL,1
RELCNX100,1
RELCONS,1
RELDIVOPP,1
RELIANCE,2
RELIGARE,2
RELINFRA,1
RELNV20,1
REMSONSIND,1
RENUKA,1
REPCOHOME,1
REPRO,2
RESPONIND,1
RETFMID150,1
REVATHI,2
RGL,2
RHFL,1
RICOAUTO,1
RIIL,1
RITES,1
RKDL,1
RKFORGE,1
RMCL,2
RML,2
RNAM,2
RNAVAL,1
ROHLTD,1
ROLTA,2
ROSSELLIND,1
RPGLIFE,1
RPOWER,1
RPPINFRA,1
RRSLGETF,1
RSSOFTWARE,1
RSWM,1
RSYSTEMS,1
RTNINFRA,1
RTNPOWER,1
RUBYMILLS,1
RUCHIRA,1
RUCHISOYA,1
RUPA,2
RUSHIL,1
RVNL,1
SABTN,1
SADBHAV,2
SADBHIN,1
SAGCEM,1
SAIL,1
SAKHTISUG,1
SAKSOFT,1
SAKUMA,1
SALASAR,1
SALONA,2
SALSTEEL,1
SALZERELEC,1
SAMBHAAV,1
SANCO,1
SANDESH,1
SANDHAR,1
SANGAMIND,1
SANGHIIND,1
SANGHVIMOV,1
SANGINITA,1
SANOFI,1
SANWARIA,1
SARDAEN,1
SAREGAMA,1
SARLAPOLY,1
SASKEN,1
SASTASUNDR,1
SATIA,1
SATIN,1
SBIETFQLTY,1
SBILIFE,1
SBIN,1
SCAPDVR,1
SCHAEFFLER,1
SCHAND,1
SCHNEIDER,1
SCI,2
SEAMECLTD,1
SELAN,1
SELMCL,1
SEPOWER,1
SEQUENT,1
SESHAPAPER,1
SETCO,1
SETF10GILT,1
SETFGOLD,1
SETFNIF50,1
SETFNIFBK,1
SETFNN50,1
SETUINFRA,1
SEYAIND,1
SFL,1
SHAHALLOYS,1
SHAKTIPUMP,1
SHALBY,1
SHALPAINTS,1
SHANKARA,1
SHANTIGEAR,1
SHARDACROP,1
SHARDAMOTR,1
SHEMAROO,1
SHILPAMED,1
SHIRPUR-G,1
SHIVAMAUTO,1
SHIVAMILLS,1
SHIVATEX,1
SHK,2
SHOPERSTOP,1
SHREECEM,1
SHREEPUSHK,1
SHREYANIND,1
SHREYAS,1
SHRIRAMCIT,1
SHRIRAMEPC,1
SHYAMCENT,1
SICAGEN,1
SICAL,1
SIEMENS,1
SIGIND,1
SILINV,1
SIMBHALS,2
SIMPLEXINF,1
SINTEX,2
SIRCA,1
SIS,2
SITINET,1
SIYSIL,1
SJVN,1
SKFINDIA,1
SKIL,2
SKIPPER,1
SKMEGGPROD,1
SMLISUZU,1
SMSLIFE,1
SMSPHARMA,1
SNOWMAN,1
SOBHA,1
SOLARA,1
SOLARINDS,1
SOMANYCERA,1
SOMICONVEY,1
SONATSOFTW,1
SORILINFRA,1
SOTL,1
SOUTHBANK,1
SPAL,1
SPARC,1
SPECIALITY,2
SPENCERS,1
SPIC,2
SPLIL,1
SPMLINFRA,1
SPTL,1
SREEL,1
SREINFRA,1
SRF,2
SRHHYPOLTD,1
SRIPIPES,1
SRTRANSFIN,1
SSWL,1
STAMPEDE,2
STAR,2
STARCEMENT,1
STARPAPER,1
STCINDIA,1
STEELCITY,1
STEELXIND,1
STEL,2
STERTOOLS,1
STRTECH,1
SUBEX,1
SUBROS,1
SUDARSCHEM,1
SUMEETINDS,1
SUMIT,2
SUMMITSEC,1
SUNCLAYLTD,1
SUNDARAM,2
SUNDARMFIN,1
SUNDARMHLD,1
SUNDRMBRAK,1
SUNDRMFAST,1
SUNFLAG,1
SUNPHARMA,1
SUNTECK,1
SUNTV,1
SUPERHOUSE,1
SUPERSPIN,1
SUPPETRO,1
SUPRAJIT,1
SUPREMEIND,1
SUPREMEINF,1
SURANASOL,1
SURANAT&P,1
SURYALAXMI,1
SURYAROSNI,1
SUTLEJTEX,1
SUVEN,2
SUZLON,2
SWANENERGY,1
SWARAJENG,1
SWELECTES,1
SYMPHONY,2
SYNDIBANK,1
SYNGENE,1
TAINWALCHM,1
TAJGVK,1
TAKE,1
TALBROAUTO,1
TALWALKARS,2
TALWGYM,1
TANLA,1
TARAPUR,1
TARMAT,1
TASTYBITE,1
TATACHEM,1
TATACOFFEE,1
TATACOMM,1
TATAELXSI,1
TATAGLOBAL,1
TATAINVEST,1
TATAMETALI,1
TATAMOTORS,1
TATAMTRDVR,1
TATAPOWER,1
TATASPONGE,1
TATASTEEL,1
TATASTLBSL,1
TBZ,1
TCI,2
TCIDEVELOP,1
TCIEXP,1
TCIFINANCE,1
TCNSBRANDS,1
TCPLPACK,1
TCS,2
TDPOWERSYS,1
TEAMLEASE,1
TECHM,1
TECHNOE,2
TECHNOFAB,1
TEJASNET,1
TERASOFT,1
TEXINFRA,1
TEXMOPIPES,1
TEXRAIL,1
TFCILTD,1
TFL,2
TGBHOTELS,1
THANGAMAYL,1
THEINVEST,1
THEMISMED,1
THERMAX,1
THOMASCOOK,1
THYROCARE,1
TI,2
TIDEWATER,1
TIIL,1
TIINDIA,1
TIJARIA,1
TIL,2
TIMESGTY,1
TIMETECHNO,1
TIMKEN,1
TINPLATE,1
TIPSINDLTD,1
TIRUMALCHM,1
TITAN,2
TMRVL,1
TNPETRO,1
TNPL,2
TOKYOPLAST,1
TORNTPHARM,1
TORNTPOWER,1
TPLPLASTEH,1
TREEHOUSE,1
TREJHARA,1
TRENT,1
TRF,2
TRIDENT,1
TRIGYN,1
TRIL,1
TRITURBINE,1
TRIVENI,2
TTKHLTCARE,1
TTKPRESTIG,1
TTL,2
TV18BRDCST,1
TVSELECT,1
TVSMOTOR,1
TVSSRICHAK,1
TVTODAY,1
TWL,1
UBL,2
UCALFUEL,1
UCOBANK,1
UFLEX,1
UFO,1
UGARSUGAR,1
UJAAS,1
UJJIVAN,1
ULTRACEMCO,1
UMANGDAIRY,1
UNICHEMLAB,1
UNIENTER,1
UNIONBANK,1
UNITECH,1
UNITEDBNK,1
UNITEDTEA,1
UNIVCABLES,1
UPL,2
URJA,1
USHAMART,2
UTINEXT50,1
UTINIFTETF,1
UTISENSETF,1
UTISXN50,1
UTTAMSTL,1
UTTAMSUGAR,1
V2RETAIL,1
VADILALIND,1
VAIBHAVGBL,1
VAKRANGEE,1
VARDHACRLC,1
VARROC,1
VASCONEQ,1
VASWANI,1
VBL,1
VEDL,1
VENKEYS,1
VENUSREM,1
VESUVIUS,1
VETO,1
VGUARD,1
VHL,1
VIDHIING,1
VIJIFIN,1
VIKASECO,1
VIKASMCORP,1
VIMTALABS,1
VINATIORGA,1
VINDHYATEL,1
VINYLINDIA,1
VIPCLOTHNG,1
VIPIND,1
VIPULLTD,1
VISAKAIND,1
VISASTEEL,1
VISESHINFO,1
VISHNU,2
VIVIMEDLAB,1
VLSFINANCE,1
VMART,1
VOLTAMP,1
VOLTAS,1
VRLLOG,1
VSSL,1
VSTIND,1
VSTTILLERS,1
VTL,1
WABAG,1
WABCOINDIA,1
WALCHANNAG,1
WEBELSOLAR,1
WEIZFOREX,1
WEIZMANIND,1
WELCORP,1
WELENT,2
WELINV,1
WELSPUNIND,1
WENDT,1
WHEELS,2
WHIRLPOOL,2
WILLAMAGOR,1
WINDMACHIN,1
WIPRO,1
WOCKPHARMA,1
WONDERLA,1
WSTCSTPAPR,1
XCHANGING,1
XELPMOC,1
XPROINDIA,1
YESBANK,1
ZEEL,2
ZEELEARN,1
ZEEMEDIA,1
ZENITHEXPO,1
ZENSARTECH,1
ZENTEC,1
ZODIACLOTH,1
ZODJRDMKJ,1
ZUARI,2
ZUARIGLOB,1
ZYDUSWELL,1
